DROP DATABASE IF EXISTS ZodiacAndNumerology;
CREATE DATABASE ZodiacAndNumerology;
USE ZodiacAndNumerology;

CREATE TABLE NumberOfMonth(
nameOfMonth VARCHAR(30), 
numOfMonth INT NOT NULL, 
PRIMARY KEY(nameOfMonth));

INSERT INTO NumberOfMonth(nameOfMonth, numOfMonth) VALUES 
("January", 01),
("February", 02),
("March", 03),
("April", 04),
("May", 05),
("June", 06),
("July", 07), 
("August", 08), 
("September", 9), 
("October", 10), 
("November", 11),
("December", 12);

CREATE TABLE Users(
userName VARCHAR(30) UNIQUE NOT NULL,
monthOfBirth INT NOT NULL,
dayOfBirth INT NOT NULL,
yearOfBirth INT NOT NULL,
sexAtBirth ENUM("male", "female"), 
PRIMARY KEY (userName));

INSERT INTO Users(userName, monthOfBirth, dayOfBirth, yearOfBirth, sexAtBirth) 
VALUES ("gimatt", 10, 8, 2002, "female"),
("greg", 02, 29, 1996, "male");


CREATE TABLE Friends(
user1Name VARCHAR(30), 
user2Name VARCHAR(30), 
bestFriend BIT NOT NULL, 
PRIMARY KEY (user1Name, user2Name), UNIQUE (user1Name, user2Name), 
FOREIGN KEY (user1Name) REFERENCES Users(userName) ON DELETE CASCADE ON UPDATE CASCADE, 
FOREIGN KEY (user2Name) REFERENCES Users(userName) ON DELETE CASCADE ON UPDATE CASCADE);

INSERT INTO Friends(user1Name, user2Name, bestFriend) VALUES 
("gimatt", "greg", 0);

CREATE TABLE SunSigns(
sunSignName VARCHAR(30),  
monthBegin INT NOT NULL, 
dayOfMonthBegin INT NOT NULL, 
monthEnd INT NOT NULL, 
dayOfMonthEnd INT NOT NULL, 
descriptionWord1 VARCHAR(30), 
descriptionWord2 VARCHAR(30), 
descriptionWord3 VARCHAR(30), 
element ENUM("water", "fire", "earth", "air"), 
elementQuality ENUM("cardinal", "fixed", "mutable"),
PRIMARY KEY (sunSignName));

INSERT INTO SunSigns(sunSignName, monthBegin, dayOfMonthBegin, monthEnd, dayOfMonthEnd, 
descriptionWord1, descriptionWord2, descriptionWord3, element, elementQuality) VALUES 
("Aries", 03, 21, 04, 19, "ambitious", "honest", "sarcastic", "fire", "cardinal"), 
("Taurus", 04, 20, 05, 20, "dependable", "wise", "headstrong", "earth", "fixed"), 
("Gemini", 05, 21, 06, 20, "adaptable", "lively", "outspoken", "air", "mutable"), 
("Cancer", 06, 21, 07, 22, "sensitive", "loyal", "intuitive", "water", "cardinal"), 
("Leo", 07, 23, 08, 22, "compassionate", "focused", "confident", "fire", "fixed"), 
("Virgo", 08, 23, 09, 21, "practical", "humble", "kind", "earth", "mutable"), 
("Libra", 09, 22, 10, 23, "charming", "friendly", "persuasive", "air", "cardinal"), 
("Scorpio", 10, 24, 11, 21, "passionate", "strategic", "curious", "water", "fixed"), 
("Sagittarius", 11, 22, 12, 21, "respectable", "funny", "spontaneous", "fire", "mutable"), 
("Capricorn", 12, 22, 01, 19, "realistic", "driven", "disciplined", "earth", "cardinal"), 
("Aquarius", 01, 20, 02, 21, "creative", "clever", "calm", "air", "fixed"), 
("Pisces", 02, 22, 03, 20, "sympathetic", "imaginative", "gracious", "water", "mutable");

CREATE TABLE SunSignCompatibility(
sunSignOne VARCHAR(30) NOT NULL, 
sunSignTwo VARCHAR(30) NOT NULL, 
rate INT NOT NULL, 
PRIMARY KEY (sunSignOne, sunSignTwo), 
FOREIGN KEY (sunSignOne) REFERENCES SunSigns(sunSignName) ON UPDATE CASCADE ON DELETE CASCADE,  
FOREIGN KEY (sunSignTwo) REFERENCES SunSigns(sunSignName) ON UPDATE CASCADE ON DELETE CASCADE);

INSERT INTO SunSignCompatibility(sunSignOne, sunSignTwo, rate) VALUES 
("Aries", "Aries", 4), 
("Aries", "Taurus", 2), 
("Aries", "Gemini", 4), 
("Aries", "Cancer", 2), 
("Aries", "Leo", 5),
("Aries", "Virgo", 1), 
("Aries", "Libra", 3), 
("Aries", "Scorpio", 3), 
("Aries", "Sagittarius", 5), 
("Aries", "Capricorn", 3), 
("Aries", "Aquarius", 4), 
("Aries", "Pisces", 1),
("Taurus", "Taurus", 5), 
("Taurus", "Gemini", 1), 
("Taurus", "Cancer", 4), 
("Taurus", "Leo", 3),
("Taurus", "Virgo", 5), 
("Taurus", "Libra", 3), 
("Taurus", "Scorpio", 3), 
("Taurus", "Sagittarius", 1), 
("Taurus", "Capricorn", 5), 
("Taurus", "Aquarius", 2), 
("Taurus", "Pisces", 4), 
("Gemini", "Gemini", 5), 
("Gemini", "Cancer", 1), 
("Gemini", "Leo", 4),
("Gemini", "Virgo", 2), 
("Gemini", "Libra", 5), 
("Gemini", "Scorpio", 1), 
("Gemini", "Sagittarius", 3), 
("Gemini", "Capricorn", 2), 
("Gemini", "Aquarius", 5), 
("Gemini", "Pisces", 1), 
("Cancer", "Cancer", 5), 
("Cancer", "Leo", 3),
("Cancer", "Virgo", 4), 
("Cancer", "Libra", 1), 
("Cancer", "Scorpio", 5), 
("Cancer", "Sagittarius", 2), 
("Cancer", "Capricorn", 4), 
("Cancer", "Aquarius", 2), 
("Cancer", "Pisces", 5), 
("Leo", "Leo", 5), 
("Leo", "Virgo", 1), 
("Leo", "Libra", 4), 
("Leo", "Scorpio", 3), 
("Leo", "Sagittarius", 5), 
("Leo", "Capricorn", 2), 
("Leo", "Aquarius", 2), 
("Leo", "Pisces", 3), 
("Virgo", "Virgo", 5), 
("Virgo", "Libra", 2), 
("Virgo", "Scorpio", 4), 
("Virgo", "Sagittarius", 1), 
("Virgo", "Capricorn", 5), 
("Virgo", "Aquarius", 2), 
("Virgo", "Pisces", 2), 
("Libra", "Libra", 5), 
("Libra", "Scorpio", 2), 
("Libra", "Sagittarius", 4), 
("Libra", "Capricorn", 2), 
("Libra", "Aquarius", 5), 
("Libra", "Pisces", 3), 
("Scorpio", "Scorpio", 5), 
("Scorpio", "Sagittarius", 2), 
("Scorpio", "Capricorn", 4), 
("Scorpio", "Aquarius", 2), 
("Scorpio", "Pisces", 5), 
("Sagittarius", "Sagittarius", 5), 
("Sagittarius", "Capricorn", 1), 
("Sagittarius", "Aquarius", 4), 
("Sagittarius", "Pisces", 2),
("Capricorn", "Capricorn", 5), 
("Capricorn", "Aquarius", 2), 
("Capricorn", "Pisces", 4),
("Aquarius", "Aquarius", 5), 
("Aquarius", "Pisces", 3),
("Pisces", "Pisces", 5);

CREATE TABLE VenusSigns(monthOfVenus VARCHAR(20),
dayOfVenus VARCHAR(20), 
yearOfVenus INT,
hourOfVenus INT, 
minuteOfVenus INT, 
hourSpecific ENUM('AM', 'PM'),
venusSignName VARCHAR(30), 
PRIMARY KEY (monthOfVenus, dayOfVenus, yearOfVenus), 
FOREIGN KEY (venusSignName) REFERENCES SunSigns(sunSignName) ON DELETE RESTRICT ON UPDATE RESTRICT);

INSERT INTO VenusSigns(monthOfVenus, dayOfVenus, yearOfVenus, hourOfVenus, minuteOfVenus, hourSpecific, 
venusSignName) VALUES 
('January', 2, 1960, 3, 43, 'AM', 'Sagittarius'),
('January', 26, 1960, 11, 46, 'PM', 'Capricorn'),
('February', 20, 1960, 11, 47, 'AM', 'Aquarius'),
('March', 15, 1960, 8, 53, 'PM', 'Pisces'),
('April', 9, 1960, 5, 32, 'AM', 'Aries'),
('May', 3, 1960, 2, 56, 'PM', 'Taurus'),
('May', 28, 1960, 1, 11, 'AM', 'Gemini'),
('June', 21, 1960, 11, 34, 'AM', 'Cancer'),
('July', 15, 1960, 9, 11, 'PM', 'Leo'),
('August', 9, 1960, 5, 54, 'AM', 'Virgo'),
('September', 2, 1960, 2, 29, 'PM', 'Libra'),
('September', 27, 1960, 12, 13, 'AM', 'Scorpio'),
('October', 21, 1960, 12, 12, 'PM', 'Sagittarius'),
('November', 15, 1960, 3, 57, 'AM', 'Capricorn'),
('December', 10, 1960, 3, 34, 'AM', 'Aquarius'),
('January', 4, 1961, 10, 31, 'PM', 'Pisces'),
('February', 1, 1961, 11, 46, 'PM', 'Aries'),
('June', 5, 1961, 2, 25, 'PM', 'Taurus'),
('July', 6, 1961, 11, 32, 'PM', 'Gemini'),
('August', 3, 1961, 10, 28, 'AM', 'Cancer'),
('August', 29, 1961, 9, 18, 'AM', 'Leo'),
('September', 23, 1961, 10, 43, 'AM', 'Virgo'),
('October', 17, 1961, 9, 58, 'PM', 'Libra'),
('November', 11, 1961, 12, 33, 'AM', 'Scorpio'),
('December', 4, 1961, 10, 40, 'PM', 'Sagittarius'),
('December', 28, 1961, 7, 7, 'PM', 'Capricorn'),
('January', 21, 1962, 3, 31, 'PM', 'Aquarius'),
('February', 14, 1962, 1, 9, 'PM', 'Pisces'),
('March', 10, 1962, 1, 28, 'PM', 'Aries'),
('April', 3, 1962, 6, 5, 'PM', 'Taurus'),
('April', 28, 1962, 4, 23, 'AM', 'Gemini'),
('May', 22, 1962, 9, 46, 'PM', 'Cancer'),
('June', 17, 1962, 12, 31, 'AM', 'Leo'),
('July', 12, 1962, 5, 32, 'PM', 'Virgo'),
('August', 8, 1962, 12, 13, 'PM', 'Libra'),
('September', 6, 1962, 7, 11, 'PM', 'Scorpio'),
('January', 6, 1963, 12, 35, 'PM', 'Sagittarius'),
('February', 5, 1963, 3, 36, 'PM', 'Capricorn'),
('March', 4, 1963, 6, 41, 'AM', 'Aquarius'),
('March', 29, 1963, 8, 0, 'PM', 'Pisces'),
('April', 23, 1963, 10, 39, 'PM', 'Aries'),
('May', 18, 1963, 8, 21, 'PM', 'Taurus'),
('June', 12, 1963, 2, 57, 'PM', 'Gemini'),
('July', 7, 1963, 6, 18, 'AM', 'Cancer'),
('July', 31, 1963, 5, 38, 'PM', 'Leo'),
('August', 25, 1963, 12, 49, 'AM', 'Virgo'),
('September', 18, 1963, 4, 43, 'AM', 'Libra'),
('October', 12, 1963, 6, 50, 'AM', 'Scorpio'),
('November', 5, 1963, 8, 25, 'AM', 'Sagittarius'),
('November', 29, 1963, 10, 21, 'AM', 'Capricorn'),
('December', 23, 1963, 1, 53, 'PM', 'Aquarius'),
('January', 16, 1964, 9, 54, 'PM', 'Pisces'),
('February', 10, 1964, 4, 9, 'PM', 'Aries'),
('March', 7, 1964, 7, 38, 'AM', 'Taurus'),
('April', 3, 1964, 10, 3, 'PM', 'Gemini'),
('May', 8, 1964, 10, 16, 'PM', 'Cancer'),
('June', 17, 1964, 1, 17, 'PM', 'Gemini'),
('August', 5, 1964, 3, 53, 'AM', 'Cancer'),
('September', 7, 1964, 11, 53, 'PM', 'Leo'),
('October', 5, 1964, 1, 10, 'PM', 'Virgo'),
('October', 31, 1964, 3, 54, 'AM', 'Libra'),
('November', 24, 1964, 8, 25, 'PM', 'Scorpio'),
('December', 19, 1964, 2, 2, 'AM', 'Sagittarius'),
('January', 12, 1965, 3, 0, 'AM', 'Capricorn'),
('February', 5, 1965, 2, 41, 'AM', 'Aquarius'),
('March', 1, 1965, 2, 55, 'AM', 'Pisces'),
('March', 25, 1965, 4, 54, 'AM', 'Aries'),
('April', 18, 1965, 9, 31, 'AM', 'Taurus'),
('May', 12, 1965, 5, 8, 'PM', 'Gemini'),
('June', 6, 1965, 3, 39, 'AM', 'Cancer'),
('June', 30, 1965, 4, 59, 'PM', 'Leo'),
('July', 25, 1965, 9, 51, 'AM', 'Virgo'),
('August', 19, 1965, 8, 6, 'AM', 'Libra'),
('September', 13, 1965, 2, 50, 'PM', 'Scorpio'),
('October', 9, 1965, 11, 46, 'AM', 'Sagittarius'),
('November', 5, 1965, 2, 36, 'PM', 'Capricorn'),
('December', 6, 1965, 11, 37, 'PM', 'Aquarius'),
('February', 6, 1966, 7, 46, 'AM', 'Capricorn'),
('February', 25, 1966, 5, 55, 'AM', 'Aquarius'),
('April', 6, 1966, 10, 53, 'AM', 'Pisces'),
('May', 4, 1966, 11, 33, 'PM', 'Aries'),
('May', 31, 1966, 1, 0, 'PM', 'Taurus'),
('June', 26, 1966, 6, 40, 'AM', 'Gemini'),
('July', 21, 1966, 12, 11, 'PM', 'Cancer'),
('August', 15, 1966, 7, 47, 'AM', 'Leo'),
('September', 8, 1966, 6, 40, 'PM', 'Virgo'),
('October', 2, 1966, 10, 44, 'PM', 'Libra'),
('October', 26, 1966, 10, 28, 'PM', 'Scorpio'),
('November', 19, 1966, 8, 6, 'PM', 'Sagittarius'),
('December', 13, 1966, 5, 9, 'PM', 'Capricorn'),
('January', 6, 1967, 2, 36, 'PM', 'Aquarius'),
('January', 30, 1967, 1, 53, 'PM', 'Pisces'),
('February', 23, 1967, 5, 30, 'PM', 'Aries'),
('March', 20, 1967, 4, 56, 'AM', 'Taurus'),
('April', 14, 1967, 4, 54, 'AM', 'Gemini'),
('May', 10, 1967, 1, 5, 'AM', 'Cancer'),
('June', 6, 1967, 11, 48, 'AM', 'Leo'),
('July', 8, 1967, 5, 11, 'PM', 'Virgo'),
('September', 9, 1967, 6, 58, 'AM', 'Leo'),
('October', 1, 1967, 1, 7, 'PM', 'Virgo'),
('November', 9, 1967, 11, 32, 'AM', 'Libra'),
('December', 7, 1967, 3, 48, 'AM', 'Scorpio'),
('January', 1, 1968, 5, 37, 'PM', 'Sagittarius'),
('January', 26, 1968, 12, 35, 'PM', 'Capricorn'),
('February', 19, 1968, 11, 55, 'PM', 'Aquarius'),
('March', 15, 1968, 8, 32, 'AM', 'Pisces'),
('April', 8, 1968, 4, 48, 'PM', 'Aries'),
('May', 3, 1968, 1, 56, 'AM', 'Taurus'),
('May', 27, 1968, 12, 2, 'PM', 'Gemini'),
('June', 20, 1968, 10, 20, 'PM', 'Cancer'),
('July', 15, 1968, 7, 59, 'AM', 'Leo'),
('August', 8, 1968, 4, 49, 'PM', 'Virgo'),
('September', 2, 1968, 1, 39, 'AM', 'Libra'),
('September', 26, 1968, 11, 45, 'AM', 'Scorpio'),
('October', 21, 1968, 12, 16, 'AM', 'Sagittarius'),
('November', 14, 1968, 4, 48, 'PM', 'Capricorn'),
('December', 9, 1968, 5, 40, 'PM', 'Aquarius'),
('January', 4, 1969, 3, 7, 'PM', 'Pisces'),
('February', 1, 1969, 11, 45, 'PM', 'Aries'),
('June', 5, 1969, 8, 48, 'PM', 'Taurus'),
('July', 6, 1969, 5, 4, 'PM', 'Gemini'),
('August', 3, 1969, 12, 30, 'AM', 'Cancer'),
('August', 28, 1969, 9, 48, 'PM', 'Leo'),
('September', 22, 1969, 10, 26, 'PM', 'Virgo'),
('October', 17, 1969, 9, 17, 'AM', 'Libra'),
('November', 10, 1969, 11, 40, 'AM', 'Scorpio'),
('December', 4, 1969, 9, 41, 'AM', 'Sagittarius'),
('December', 28, 1969, 6, 4, 'AM', 'Capricorn'),
('January', 21, 1970, 2, 26, 'AM', 'Aquarius'),
('February', 14, 1970, 12, 4, 'AM', 'Pisces'),
('March', 10, 1970, 12, 25, 'AM', 'Aries'),
('April', 3, 1970, 5, 5, 'AM', 'Taurus'),
('April', 27, 1970, 3, 33, 'PM', 'Gemini'),
('May', 22, 1970, 9, 19, 'AM', 'Cancer'),
('June', 16, 1970, 12, 49, 'PM', 'Leo'),
('July', 12, 1970, 7, 16, 'AM', 'Virgo'),
('August', 8, 1970, 4, 59, 'AM', 'Libra'),
('September', 6, 1970, 8, 54, 'PM', 'Scorpio'),
('January', 6, 1971, 8, 0, 'PM', 'Sagittarius'),
('February', 5, 1971, 9, 57, 'AM', 'Capricorn'),
('March', 3, 1971, 9, 24, 'PM', 'Aquarius'),
('March', 29, 1971, 9, 2, 'AM', 'Pisces'),
('April', 23, 1971, 10, 44, 'AM', 'Aries'),
('May', 18, 1971, 7, 48, 'AM', 'Taurus'),
('June', 12, 1971, 1, 58, 'AM', 'Gemini'),
('July', 6, 1971, 5, 2, 'PM', 'Cancer'),
('July', 31, 1971, 4, 15, 'AM', 'Leo'),
('August', 24, 1971, 11, 25, 'AM', 'Virgo'),
('September', 17, 1971, 3, 25, 'PM', 'Libra'),
('October', 11, 1971, 5, 43, 'PM', 'Scorpio'),
('November', 4, 1971, 7, 30, 'PM', 'Sagittarius'),
('November', 28, 1971, 9, 41, 'PM', 'Capricorn'),
('December', 23, 1971, 1, 32, 'AM', 'Aquarius'),
('January', 16, 1972, 10, 1, 'AM', 'Pisces'),
('February', 10, 1972, 5, 8, 'AM', 'Aries'),
('March', 6, 1972, 10, 25, 'PM', 'Taurus'),
('April', 3, 1972, 5, 48, 'PM', 'Gemini'),
('May', 10, 1972, 8, 51, 'AM', 'Cancer'),
('June', 11, 1972, 3, 8, 'PM', 'Gemini'),
('August', 5, 1972, 8, 26, 'PM', 'Cancer'),
('September', 7, 1972, 6, 27, 'PM', 'Leo'),
('October', 5, 1972, 3, 33, 'AM', 'Virgo'),
('October', 30, 1972, 4, 40, 'PM', 'Libra'),
('November', 24, 1972, 8, 23, 'AM', 'Scorpio'),
('December', 18, 1972, 1, 34, 'PM', 'Sagittarius'),
('January', 11, 1973, 2, 15, 'PM', 'Capricorn'),
('February', 4, 1973, 1, 43, 'PM', 'Aquarius'),
('February', 28, 1973, 1, 45, 'PM', 'Pisces'),
('March', 24, 1973, 3, 34, 'PM', 'Aries'),
('April', 17, 1973, 8, 5, 'PM', 'Taurus'),
('May', 12, 1973, 3, 42, 'AM', 'Gemini'),
('June', 5, 1973, 2, 20, 'PM', 'Cancer'),
('June', 30, 1973, 3, 55, 'AM', 'Leo'),
('July', 24, 1973, 9, 13, 'PM', 'Virgo'),
('August', 18, 1973, 8, 10, 'PM', 'Libra'),
('September', 13, 1973, 4, 5, 'AM', 'Scorpio'),
('October', 9, 1973, 3, 8, 'AM', 'Sagittarius'),
('November', 5, 1973, 10, 39, 'AM', 'Capricorn'),
('December', 7, 1973, 4, 37, 'PM', 'Aquarius'),
('January', 29, 1974, 2, 51, 'PM', 'Capricorn'),
('February', 28, 1974, 9, 25, 'AM', 'Aquarius'),
('April', 6, 1974, 9, 17, 'AM', 'Pisces'),
('May', 4, 1974, 3, 21, 'PM', 'Aries'),
('May', 31, 1974, 2, 19, 'AM', 'Taurus'),
('June', 25, 1974, 6, 44, 'PM', 'Gemini'),
('July', 20, 1974, 11, 34, 'PM', 'Cancer'),
('August', 14, 1974, 6, 47, 'PM', 'Leo'),
('September', 8, 1974, 5, 28, 'AM', 'Virgo'),
('October', 2, 1974, 9, 27, 'AM', 'Libra'),
('October', 26, 1974, 9, 12, 'AM', 'Scorpio'),
('November', 19, 1974, 6, 56, 'AM', 'Sagittarius'),
('December', 13, 1974, 4, 6, 'AM', 'Capricorn'),
('January', 6, 1975, 1, 39, 'AM', 'Aquarius'),
('January', 30, 1975, 1, 5, 'AM', 'Pisces'),
('February', 23, 1975, 4, 53, 'AM', 'Aries'),
('March', 19, 1975, 4, 42, 'PM', 'Taurus'),
('April', 13, 1975, 5, 26, 'PM', 'Gemini'),
('May', 9, 1975, 3, 11, 'PM', 'Cancer'),
('June', 6, 1975, 5, 54, 'AM', 'Leo'),
('July', 9, 1975, 6, 6, 'AM', 'Virgo'),
('September', 2, 1975, 10, 34, 'AM', 'Leo'),
('October', 3, 1975, 12, 19, 'AM', 'Virgo'),
('November', 9, 1975, 8, 52, 'AM', 'Libra'),
('December', 6, 1975, 7, 29, 'PM', 'Scorpio'),
('January', 1, 1976, 7, 14, 'AM', 'Sagittarius'),
('January', 26, 1976, 1, 9, 'AM', 'Capricorn'),
('February', 19, 1976, 11, 50, 'AM', 'Aquarius'),
('March', 14, 1976, 7, 59, 'PM', 'Pisces'),
('April', 8, 1976, 3, 56, 'AM', 'Aries'),
('May', 2, 1976, 12, 49, 'PM', 'Taurus'),
('May', 26, 1976, 10, 43, 'PM', 'Gemini'),
('June', 20, 1976, 8, 56, 'AM', 'Cancer'),
('July', 14, 1976, 6, 36, 'PM', 'Leo'),
('August', 8, 1976, 3, 36, 'AM', 'Virgo'),
('September', 1, 1976, 12, 44, 'PM', 'Libra'),
('September', 25, 1976, 11, 17, 'PM', 'Scorpio'),
('October', 20, 1976, 12, 22, 'PM', 'Sagittarius'),
('November', 14, 1976, 5, 42, 'AM', 'Capricorn'),
('December', 9, 1976, 7, 53, 'AM', 'Aquarius'),
('January', 4, 1977, 8, 1, 'AM', 'Pisces'),
('February', 2, 1977, 12, 54, 'AM', 'Aries'),
('June', 6, 1977, 1, 10, 'AM', 'Taurus'),
('July', 6, 1977, 10, 9, 'AM', 'Gemini'),
('August', 2, 1977, 2, 19, 'PM', 'Cancer'),
('August', 28, 1977, 10, 9, 'AM', 'Leo'),
('September', 22, 1977, 10, 5, 'AM', 'Virgo'),
('October', 16, 1977, 8, 37, 'PM', 'Libra'),
('November', 9, 1977, 10, 52, 'PM', 'Scorpio'),
('December', 3, 1977, 8, 49, 'PM', 'Sagittarius'),
('December', 27, 1977, 5, 9, 'PM', 'Capricorn'),
('January', 20, 1978, 1, 29, 'PM', 'Aquarius'),
('February', 13, 1978, 11, 7, 'AM', 'Pisces'),
('March', 9, 1978, 11, 29, 'AM', 'Aries'),
('April', 2, 1978, 4, 14, 'PM', 'Taurus'),
('April', 27, 1978, 2, 53, 'AM', 'Gemini'),
('May', 21, 1978, 9, 3, 'PM', 'Cancer'),
('June', 16, 1978, 1, 19, 'AM', 'Leo'),
('July', 11, 1978, 9, 14, 'PM', 'Virgo'),
('August', 7, 1978, 10, 8, 'PM', 'Libra'),
('September', 7, 1978, 12, 7, 'AM', 'Scorpio'),
('January', 7, 1979, 1, 38, 'AM', 'Sagittarius'),
('February', 5, 1979, 4, 16, 'AM', 'Capricorn'),
('March', 3, 1979, 12, 18, 'PM', 'Aquarius'),
('March', 28, 1979, 10, 18, 'PM', 'Pisces'),
('April', 22, 1979, 11, 2, 'PM', 'Aries'),
('May', 17, 1979, 7, 29, 'PM', 'Taurus'),
('June', 11, 1979, 1, 13, 'PM', 'Gemini'),
('July', 6, 1979, 4, 2, 'AM', 'Cancer'),
('July', 30, 1979, 3, 7, 'PM', 'Leo'),
('August', 23, 1979, 10, 16, 'PM', 'Virgo'),
('September', 17, 1979, 2, 21, 'AM', 'Libra'),
('October', 11, 1979, 4, 48, 'AM', 'Scorpio'),
('November', 4, 1979, 6, 50, 'AM', 'Sagittarius'),
('November', 28, 1979, 9, 20, 'AM', 'Capricorn'),
('December', 22, 1979, 1, 35, 'PM', 'Aquarius'),
('January', 15, 1980, 10, 37, 'PM', 'Pisces'),
('February', 9, 1980, 6, 39, 'PM', 'Aries'),
('March', 6, 1980, 1, 54, 'PM', 'Taurus'),
('April', 3, 1980, 2, 46, 'PM', 'Gemini'),
('May', 12, 1980, 3, 53, 'PM', 'Cancer'),
('June', 5, 1980, 12, 44, 'AM', 'Gemini'),
('August', 6, 1980, 9, 25, 'AM', 'Cancer'),
('September', 7, 1980, 12, 57, 'PM', 'Leo'),
('October', 4, 1980, 6, 7, 'PM', 'Virgo'),
('October', 30, 1980, 5, 38, 'AM', 'Libra'),
('November', 23, 1980, 8, 35, 'PM', 'Scorpio'),
('December', 18, 1980, 1, 21, 'AM', 'Sagittarius'),
('January', 11, 1981, 1, 48, 'AM', 'Capricorn'),
('February', 4, 1981, 1, 7, 'AM', 'Aquarius'),
('February', 28, 1981, 1, 1, 'AM', 'Pisces'),
('March', 24, 1981, 2, 43, 'AM', 'Aries'),
('April', 17, 1981, 7, 8, 'AM', 'Taurus'),
('May', 11, 1981, 2, 45, 'PM', 'Gemini'),
('June', 5, 1981, 1, 29, 'AM', 'Cancer'),
('June', 29, 1981, 3, 20, 'PM', 'Leo'),
('July', 24, 1981, 9, 4, 'AM', 'Virgo'),
('August', 18, 1981, 8, 44, 'AM', 'Libra'),
('September', 12, 1981, 5, 51, 'PM', 'Scorpio'),
('October', 8, 1981, 7, 4, 'PM', 'Sagittarius'),
('November', 5, 1981, 7, 39, 'AM', 'Capricorn'),
('December', 8, 1981, 3, 52, 'PM', 'Aquarius'),
('January', 22, 1982, 9, 56, 'PM', 'Capricorn'),
('March', 2, 1982, 6, 25, 'AM', 'Aquarius'),
('April', 6, 1982, 7, 20, 'AM', 'Pisces'),
('May', 4, 1982, 7, 27, 'AM', 'Aries'),
('May', 30, 1982, 4, 2, 'PM', 'Taurus'),
('June', 25, 1982, 7, 13, 'AM', 'Gemini'),
('July', 20, 1982, 11, 21, 'AM', 'Cancer'),
('August', 14, 1982, 6, 9, 'AM', 'Leo'),
('September', 7, 1982, 4, 38, 'PM', 'Virgo'),
('October', 1, 1982, 8, 32, 'PM', 'Libra'),
('October', 25, 1982, 8, 19, 'PM', 'Scorpio'),
('November', 18, 1982, 6, 7, 'PM', 'Sagittarius'),
('December', 12, 1982, 3, 20, 'PM', 'Capricorn'),
('January', 5, 1983, 12, 58, 'PM', 'Aquarius'),
('January', 29, 1983, 12, 31, 'PM', 'Pisces'),
('February', 22, 1983, 4, 35, 'PM', 'Aries'),
('March', 19, 1983, 4, 51, 'AM', 'Taurus'),
('April', 13, 1983, 6, 26, 'AM', 'Gemini'),
('May', 9, 1983, 5, 56, 'AM', 'Cancer'),
('June', 6, 1983, 1, 4, 'AM', 'Leo'),
('July', 10, 1983, 12, 25, 'AM', 'Virgo'),
('August', 27, 1983, 6, 43, 'AM', 'Leo'),
('October', 5, 1983, 2, 35, 'PM', 'Virgo'),
('November', 9, 1983, 5, 52, 'AM', 'Libra'),
('December', 6, 1983, 11, 15, 'AM', 'Scorpio'),
('December', 31, 1983, 9, 0, 'PM', 'Sagittarius'),
('January', 25, 1984, 1, 51, 'PM', 'Capricorn'),
('February', 18, 1984, 11, 53, 'PM', 'Aquarius'),
('March', 14, 1984, 7, 35, 'AM', 'Pisces'),
('April', 7, 1984, 3, 13, 'PM', 'Aries'),
('May', 1, 1984, 11, 53, 'PM', 'Taurus'),
('May', 26, 1984, 9, 40, 'AM', 'Gemini'),
('June', 19, 1984, 7, 48, 'PM', 'Cancer'),
('July', 14, 1984, 5, 30, 'AM', 'Leo'),
('August', 7, 1984, 2, 40, 'PM', 'Virgo'),
('September', 1, 1984, 12, 7, 'AM', 'Libra'),
('September', 25, 1984, 11, 5, 'AM', 'Scorpio'),
('October', 20, 1984, 12, 45, 'AM', 'Sagittarius'),
('November', 13, 1984, 6, 54, 'PM', 'Capricorn'),
('December', 8, 1984, 10, 26, 'PM', 'Aquarius'),
('January', 4, 1985, 1, 23, 'AM', 'Pisces'),
('February', 2, 1985, 3, 29, 'AM', 'Aries'),
('June', 6, 1985, 3, 53, 'AM', 'Taurus'),
('July', 6, 1985, 3, 1, 'AM', 'Gemini'),
('August', 2, 1985, 4, 10, 'AM', 'Cancer'),
('August', 27, 1985, 10, 39, 'PM', 'Leo'),
('September', 21, 1985, 9, 53, 'PM', 'Virgo'),
('October', 16, 1985, 8, 4, 'AM', 'Libra'),
('November', 9, 1985, 10, 8, 'AM', 'Scorpio'),
('December', 3, 1985, 8, 0, 'AM', 'Sagittarius'),
('December', 27, 1985, 4, 17, 'AM', 'Capricorn'),
('January', 20, 1986, 12, 36, 'AM', 'Aquarius'),
('February', 12, 1986, 10, 11, 'PM', 'Pisces'),
('March', 8, 1986, 10, 32, 'PM', 'Aries'),
('April', 2, 1986, 3, 19, 'AM', 'Taurus'),
('April', 26, 1986, 2, 10, 'PM', 'Gemini'),
('May', 21, 1986, 8, 46, 'AM', 'Cancer'),
('June', 15, 1986, 1, 52, 'PM', 'Leo'),
('July', 11, 1986, 11, 23, 'AM', 'Virgo'),
('August', 7, 1986, 3, 46, 'PM', 'Libra'),
('September', 7, 1986, 5, 15, 'AM', 'Scorpio'),
('January', 7, 1987, 5, 20, 'AM', 'Sagittarius'),
('February', 4, 1987, 10, 3, 'PM', 'Capricorn'),
('March', 3, 1987, 2, 55, 'AM', 'Aquarius'),
('March', 28, 1987, 11, 20, 'AM', 'Pisces'),
('April', 22, 1987, 11, 7, 'AM', 'Aries'),
('May', 17, 1987, 6, 56, 'AM', 'Taurus'),
('June', 11, 1987, 12, 15, 'AM', 'Gemini'),
('July', 5, 1987, 2, 50, 'PM', 'Cancer'),
('July', 30, 1987, 1, 49, 'AM', 'Leo'),
('August', 23, 1987, 9, 0, 'AM', 'Virgo'),
('September', 16, 1987, 1, 12, 'PM', 'Libra'),
('October', 10, 1987, 3, 49, 'PM', 'Scorpio'),
('November', 3, 1987, 6, 4, 'PM', 'Sagittarius'),
('November', 27, 1987, 8, 51, 'PM', 'Capricorn'),
('December', 22, 1987, 1, 29, 'AM', 'Aquarius'),
('January', 15, 1988, 11, 4, 'AM', 'Pisces'),
('February', 9, 1988, 8, 4, 'AM', 'Aries'),
('March', 6, 1988, 5, 21, 'AM', 'Taurus'),
('April', 3, 1988, 12, 7, 'PM', 'Gemini'),
('May', 17, 1988, 11, 26, 'AM', 'Cancer'),
('May', 27, 1988, 2, 36, 'AM', 'Gemini'),
('August', 6, 1988, 6, 24, 'PM', 'Cancer'),
('September', 7, 1988, 6, 37, 'AM', 'Leo'),
('October', 4, 1988, 8, 15, 'AM', 'Virgo'),
('October', 29, 1988, 6, 20, 'PM', 'Libra'),
('November', 23, 1988, 8, 34, 'AM', 'Scorpio'),
('December', 17, 1988, 12, 56, 'PM', 'Sagittarius'),
('January', 10, 1989, 1, 8, 'PM', 'Capricorn'),
('February', 3, 1989, 12, 15, 'PM', 'Aquarius'),
('February', 27, 1989, 11, 59, 'AM', 'Pisces'),
('March', 23, 1989, 1, 32, 'PM', 'Aries'),
('April', 16, 1989, 5, 52, 'PM', 'Taurus'),
('May', 11, 1989, 1, 28, 'AM', 'Gemini'),
('June', 4, 1989, 12, 17, 'PM', 'Cancer'),
('June', 29, 1989, 2, 21, 'AM', 'Leo'),
('July', 23, 1989, 8, 31, 'PM', 'Virgo'),
('August', 17, 1989, 8, 58, 'PM', 'Libra'),
('September', 12, 1989, 7, 22, 'AM', 'Scorpio'),
('October', 8, 1989, 11, 0, 'AM', 'Sagittarius'),
('November', 5, 1989, 5, 13, 'AM', 'Capricorn'),
('December', 10, 1989, 12, 6, 'AM', 'Aquarius'),
('January', 16, 1990, 10, 23, 'AM', 'Capricorn'),
('March', 3, 1990, 12, 52, 'PM', 'Aquarius'),
('April', 6, 1990, 4, 13, 'AM', 'Pisces'),
('May', 3, 1990, 10, 52, 'PM', 'Aries'),
('May', 30, 1990, 5, 13, 'AM', 'Taurus'),
('June', 24, 1990, 7, 14, 'PM', 'Gemini'),
('July', 19, 1990, 10, 41, 'PM', 'Cancer'),
('August', 13, 1990, 5, 5, 'PM', 'Leo'),
('September', 7, 1990, 3, 21, 'AM', 'Virgo'),
('October', 1, 1990, 7, 13, 'AM', 'Libra'),
('October', 25, 1990, 7, 3, 'AM', 'Scorpio'),
('November', 18, 1990, 4, 58, 'AM', 'Sagittarius'),
('December', 12, 1990, 2, 18, 'AM', 'Capricorn'),
('January', 5, 1991, 12, 3, 'AM', 'Aquarius'),
('January', 28, 1991, 11, 44, 'PM', 'Pisces'),
('February', 22, 1991, 4, 2, 'AM', 'Aries'),
('March', 18, 1991, 4, 45, 'PM', 'Taurus'),
('April', 12, 1991, 7, 10, 'PM', 'Gemini'),
('May', 8, 1991, 8, 28, 'PM', 'Cancer'),
('June', 5, 1991, 8, 16, 'PM', 'Leo'),
('July', 11, 1991, 12, 6, 'AM', 'Virgo'),
('August', 21, 1991, 10, 6, 'AM', 'Leo'),
('October', 6, 1991, 4, 15, 'PM', 'Virgo'),
('November', 9, 1991, 1, 37, 'AM', 'Libra'),
('December', 6, 1991, 2, 21, 'AM', 'Scorpio'),
('December', 31, 1991, 10, 19, 'AM', 'Sagittarius'),
('January', 25, 1992, 2, 14, 'AM', 'Capricorn'),
('February', 18, 1992, 11, 40, 'AM', 'Aquarius'),
('March', 13, 1992, 6, 57, 'PM', 'Pisces'),
('April', 7, 1992, 2, 16, 'AM', 'Aries'),
('May', 1, 1992, 10, 41, 'AM', 'Taurus'),
('May', 25, 1992, 8, 18, 'PM', 'Gemini'),
('June', 19, 1992, 6, 22, 'AM', 'Cancer'),
('July', 13, 1992, 4, 7, 'PM', 'Leo'),
('August', 7, 1992, 1, 26, 'AM', 'Virgo'),
('August', 31, 1992, 11, 9, 'AM', 'Libra'),
('September', 24, 1992, 10, 31, 'PM', 'Scorpio'),
('October', 19, 1992, 12, 47, 'PM', 'Sagittarius'),
('November', 13, 1992, 7, 48, 'AM', 'Capricorn'),
('December', 8, 1992, 12, 49, 'PM', 'Aquarius'),
('January', 3, 1993, 6, 54, 'PM', 'Pisces'),
('February', 2, 1993, 7, 37, 'AM', 'Aries'),
('June', 6, 1993, 5, 3, 'AM', 'Taurus'),
('July', 5, 1993, 7, 21, 'PM', 'Gemini'),
('August', 1, 1993, 5, 38, 'PM', 'Cancer'),
('August', 27, 1993, 10, 48, 'AM', 'Leo'),
('September', 21, 1993, 9, 22, 'AM', 'Virgo'),
('October', 15, 1993, 7, 13, 'PM', 'Libra'),
('November', 8, 1993, 9, 7, 'PM', 'Scorpio'),
('December', 2, 1993, 6, 54, 'PM', 'Sagittarius'),
('December', 26, 1993, 3, 9, 'PM', 'Capricorn'),
('January', 19, 1994, 11, 28, 'AM', 'Aquarius'),
('February', 12, 1994, 9, 4, 'AM', 'Pisces'),
('March', 8, 1994, 9, 28, 'AM', 'Aries'),
('April', 1, 1994, 2, 20, 'PM', 'Taurus'),
('April', 26, 1994, 1, 24, 'AM', 'Gemini'),
('May', 20, 1994, 8, 26, 'PM', 'Cancer'),
('June', 15, 1994, 2, 23, 'AM', 'Leo'),
('July', 11, 1994, 1, 33, 'AM', 'Virgo'),
('August', 7, 1994, 9, 36, 'AM', 'Libra'),
('September', 7, 1994, 12, 12, 'PM', 'Scorpio'),
('January', 7, 1995, 7, 7, 'AM', 'Sagittarius'),
('February', 4, 1995, 3, 12, 'PM', 'Capricorn'),
('March', 2, 1995, 5, 10, 'PM', 'Aquarius'),
('March', 28, 1995, 12, 10, 'AM', 'Pisces'),
('April', 21, 1995, 11, 7, 'PM', 'Aries'),
('May', 16, 1995, 6, 22, 'PM', 'Taurus'),
('June', 10, 1995, 11, 18, 'AM', 'Gemini'),
('July', 5, 1995, 1, 39, 'AM', 'Cancer'),
('July', 29, 1995, 12, 32, 'PM', 'Leo'),
('August', 22, 1995, 7, 43, 'PM', 'Virgo'),
('September', 16, 1995, 12, 1, 'AM', 'Libra'),
('October', 10, 1995, 2, 48, 'AM', 'Scorpio'),
('November', 3, 1995, 5, 18, 'AM', 'Sagittarius'),
('November', 27, 1995, 8, 23, 'AM', 'Capricorn'),
('December', 21, 1995, 1, 23, 'PM', 'Aquarius'),
('January', 14, 1996, 11, 30, 'PM', 'Pisces'),
('February', 8, 1996, 9, 30, 'PM', 'Aries'),
('March', 5, 1996, 9, 1, 'PM', 'Taurus'),
('April', 3, 1996, 10, 26, 'AM', 'Gemini'),
('August', 7, 1996, 1, 15, 'AM', 'Cancer'),
('September', 7, 1996, 12, 7, 'AM', 'Leo'),
('October', 3, 1996, 10, 22, 'PM', 'Virgo'),
('October', 29, 1996, 7, 2, 'AM', 'Libra'),
('November', 22, 1996, 8, 34, 'PM', 'Scorpio'),
('December', 17, 1996, 12, 34, 'AM', 'Sagittarius'),
('January', 10, 1997, 12, 32, 'AM', 'Capricorn'),
('February', 2, 1997, 11, 28, 'PM', 'Aquarius'),
('February', 26, 1997, 11, 1, 'PM', 'Pisces'),
('March', 23, 1997, 12, 26, 'AM', 'Aries'),
('April', 16, 1997, 4, 42, 'AM', 'Taurus'),
('May', 10, 1997, 12, 20, 'PM', 'Gemini'),
('June', 3, 1997, 11, 18, 'PM', 'Cancer'),
('June', 28, 1997, 1, 38, 'PM', 'Leo'),
('July', 23, 1997, 8, 16, 'AM', 'Virgo'),
('August', 17, 1997, 9, 31, 'AM', 'Libra'),
('September', 11, 1997, 9, 17, 'PM', 'Scorpio'),
('October', 8, 1997, 3, 25, 'AM', 'Sagittarius'),
('November', 5, 1997, 3, 50, 'AM', 'Capricorn'),
('December', 11, 1997, 11, 39, 'PM', 'Aquarius'),
('January', 9, 1998, 4, 3, 'PM', 'Capricorn'),
('March', 4, 1998, 11, 14, 'AM', 'Aquarius'),
('April', 6, 1998, 12, 38, 'AM', 'Pisces'),
('May', 3, 1998, 2, 16, 'PM', 'Aries'),
('May', 29, 1998, 6, 32, 'PM', 'Taurus'),
('June', 24, 1998, 7, 27, 'AM', 'Gemini'),
('July', 19, 1998, 10, 17, 'AM', 'Cancer'),
('August', 13, 1998, 4, 19, 'AM', 'Leo'),
('September', 6, 1998, 2, 24, 'PM', 'Virgo'),
('September', 30, 1998, 6, 13, 'PM', 'Libra'),
('October', 24, 1998, 6, 6, 'PM', 'Scorpio'),
('November', 17, 1998, 4, 6, 'PM', 'Sagittarius'),
('December', 11, 1998, 1, 33, 'PM', 'Capricorn'),
('January', 4, 1999, 11, 25, 'AM', 'Aquarius'),
('January', 28, 1999, 11, 17, 'AM', 'Pisces'),
('February', 21, 1999, 3, 49, 'PM', 'Aries'),
('March', 18, 1999, 4, 59, 'AM', 'Taurus'),
('April', 12, 1999, 8, 17, 'AM', 'Gemini'),
('May', 8, 1999, 11, 29, 'AM', 'Cancer'),
('June', 5, 1999, 4, 25, 'PM', 'Leo'),
('July', 12, 1999, 10, 18, 'AM', 'Virgo'),
('August', 15, 1999, 9, 12, 'AM', 'Leo'),
('October', 7, 1999, 11, 51, 'AM', 'Virgo'),
('November', 8, 1999, 9, 19, 'PM', 'Libra'),
('December', 5, 1999, 5, 41, 'PM', 'Scorpio'),
('December', 30, 1999, 11, 54, 'PM', 'Sagittarius'),
('January', 24, 2000, 2, 52, 'PM', 'Capricorn'),
('February', 17, 2000, 11, 43, 'PM', 'Aquarius'),
('March', 13, 2000, 6, 36, 'AM', 'Pisces'),
('April', 6, 2000, 1, 37, 'PM', 'Aries'),
('April', 30, 2000, 9, 49, 'PM', 'Taurus'),
('May', 25, 2000, 7, 15, 'AM', 'Gemini'),
('June', 18, 2000, 5, 15, 'PM', 'Cancer'),
('July', 13, 2000, 3, 2, 'AM', 'Leo'),
('August', 6, 2000, 12, 32, 'PM', 'Virgo'),
('August', 30, 2000, 10, 35, 'PM', 'Libra'),
('September', 24, 2000, 10, 26, 'AM', 'Scorpio'),
('October', 19, 2000, 1, 18, 'AM', 'Sagittarius'),
('November', 12, 2000, 9, 14, 'PM', 'Capricorn'),
('December', 8, 2000, 3, 48, 'AM', 'Aquarius'),
('January', 3, 2001, 1, 14, 'PM', 'Pisces'),
('February', 2, 2001, 2, 14, 'PM', 'Aries'),
('June', 6, 2001, 5, 25, 'AM', 'Taurus'),
('July', 5, 2001, 11, 44, 'AM', 'Gemini'),
('August', 1, 2001, 7, 18, 'AM', 'Cancer'),
('August', 26, 2001, 11, 12, 'PM', 'Leo'),
('September', 20, 2001, 9, 9, 'PM', 'Virgo'),
('October', 15, 2001, 6, 42, 'AM', 'Libra'),
('November', 8, 2001, 8, 28, 'AM', 'Scorpio'),
('December', 2, 2001, 6, 11, 'AM', 'Sagittarius'),
('December', 26, 2001, 2, 25, 'AM', 'Capricorn'),
('January', 18, 2002, 10, 42, 'PM', 'Aquarius'),
('February', 11, 2002, 8, 18, 'PM', 'Pisces'),
('March', 7, 2002, 8, 42, 'PM', 'Aries'),
('April', 1, 2002, 1, 39, 'AM', 'Taurus'),
('April', 25, 2002, 12, 57, 'PM', 'Gemini'),
('May', 20, 2002, 8, 27, 'AM', 'Cancer'),
('June', 14, 2002, 3, 16, 'PM', 'Leo'),
('July', 10, 2002, 4, 9, 'PM', 'Virgo'),
('August', 7, 2002, 4, 9, 'AM', 'Libra'),
('September', 7, 2002, 10, 4, 'PM', 'Scorpio'),
('January', 7, 2003, 8, 7, 'AM', 'Sagittarius'),
('February', 4, 2003, 8, 27, 'AM', 'Capricorn'),
('March', 2, 2003, 7, 40, 'AM', 'Aquarius'),
('March', 27, 2003, 1, 14, 'PM', 'Pisces'),
('April', 21, 2003, 11, 18, 'AM', 'Aries'),
('May', 16, 2003, 5, 58, 'AM', 'Taurus'),
('June', 9, 2003, 10, 32, 'PM', 'Gemini'),
('July', 4, 2003, 12, 38, 'PM', 'Cancer'),
('July', 28, 2003, 11, 25, 'PM', 'Leo'),
('August', 22, 2003, 6, 35, 'AM', 'Virgo'),
('September', 15, 2003, 10, 58, 'AM', 'Libra'),
('October', 9, 2003, 1, 56, 'PM', 'Scorpio'),
('November', 2, 2003, 4, 42, 'PM', 'Sagittarius'),
('November', 26, 2003, 8, 7, 'PM', 'Capricorn'),
('December', 21, 2003, 1, 32, 'AM', 'Aquarius'),
('January', 14, 2004, 12, 16, 'PM', 'Pisces'),
('February', 8, 2004, 11, 20, 'AM', 'Aries'),
('March', 5, 2004, 1, 12, 'PM', 'Taurus'),
('April', 3, 2004, 9, 57, 'AM', 'Gemini'),
('August', 7, 2004, 6, 2, 'AM', 'Cancer'),
('September', 6, 2004, 5, 16, 'PM', 'Leo'),
('October', 3, 2004, 12, 20, 'PM', 'Virgo'),
('October', 28, 2004, 7, 39, 'PM', 'Libra'),
('November', 22, 2004, 8, 31, 'AM', 'Scorpio'),
('December', 16, 2004, 12, 10, 'PM', 'Sagittarius'),
('January', 9, 2005, 11, 56, 'AM', 'Capricorn'),
('February', 2, 2005, 10, 42, 'AM', 'Aquarius'),
('February', 26, 2005, 10, 7, 'AM', 'Pisces'),
('March', 22, 2005, 11, 25, 'AM', 'Aries'),
('April', 15, 2005, 3, 37, 'PM', 'Taurus'),
('May', 9, 2005, 11, 14, 'PM', 'Gemini'),
('June', 3, 2005, 10, 18, 'AM', 'Cancer'),
('June', 28, 2005, 12, 53, 'AM', 'Leo'),
('July', 22, 2005, 8, 1, 'PM', 'Virgo'),
('August', 16, 2005, 10, 5, 'PM', 'Libra'),
('September', 11, 2005, 11, 14, 'AM', 'Scorpio'),
('October', 7, 2005, 8, 0, 'PM', 'Sagittarius'),
('November', 5, 2005, 3, 10, 'AM', 'Capricorn'),
('December', 15, 2005, 10, 57, 'AM', 'Aquarius'),
('January', 1, 2006, 3, 18, 'PM', 'Capricorn'),
('March', 5, 2006, 3, 39, 'AM', 'Aquarius'),
('April', 5, 2006, 8, 21, 'PM', 'Pisces'),
('May', 3, 2006, 5, 24, 'AM', 'Aries'),
('May', 29, 2006, 7, 41, 'AM', 'Taurus'),
('June', 23, 2006, 7, 31, 'PM', 'Gemini'),
('July', 18, 2006, 9, 41, 'PM', 'Cancer'),
('August', 12, 2006, 3, 21, 'PM', 'Leo'),
('September', 6, 2006, 1, 15, 'AM', 'Virgo'),
('September', 30, 2006, 5, 2, 'AM', 'Libra'),
('October', 24, 2006, 4, 57, 'AM', 'Scorpio'),
('November', 17, 2006, 3, 2, 'AM', 'Sagittarius'),
('December', 11, 2006, 12, 33, 'AM', 'Capricorn'),
('January', 3, 2007, 10, 31, 'PM', 'Aquarius'),
('January', 27, 2007, 10, 32, 'PM', 'Pisces'),
('February', 21, 2007, 3, 21, 'AM', 'Aries'),
('March', 17, 2007, 5, 0, 'PM', 'Taurus'),
('April', 11, 2007, 9, 15, 'PM', 'Gemini'),
('May', 8, 2007, 2, 28, 'AM', 'Cancer'),
('June', 5, 2007, 12, 59, 'PM', 'Leo'),
('July', 14, 2007, 1, 23, 'PM', 'Virgo'),
('August', 8, 2007, 8, 10, 'PM', 'Leo'),
('October', 8, 2007, 1, 53, 'AM', 'Virgo'),
('November', 8, 2007, 4, 5, 'PM', 'Libra'),
('December', 5, 2007, 8, 29, 'AM', 'Scorpio'),
('December', 30, 2007, 1, 2, 'PM', 'Sagittarius'),
('January', 24, 2008, 3, 6, 'AM', 'Capricorn'),
('February', 17, 2008, 11, 22, 'AM', 'Aquarius'),
('March', 12, 2008, 5, 51, 'PM', 'Pisces'),
('April', 6, 2008, 12, 35, 'AM', 'Aries'),
('April', 30, 2008, 8, 34, 'AM', 'Taurus'),
('May', 24, 2008, 5, 52, 'PM', 'Gemini'),
('June', 18, 2008, 3, 48, 'AM', 'Cancer'),
('July', 12, 2008, 1, 39, 'PM', 'Leo'),
('August', 5, 2008, 11, 20, 'PM', 'Virgo'),
('August', 30, 2008, 9, 41, 'AM', 'Libra'),
('September', 23, 2008, 9, 59, 'PM', 'Scorpio'),
('October', 18, 2008, 1, 31, 'PM', 'Sagittarius'),
('November', 12, 2008, 10, 25, 'AM', 'Capricorn'),
('December', 7, 2008, 6, 36, 'PM', 'Aquarius'),
('January', 3, 2009, 7, 35, 'AM', 'Pisces'),
('February', 2, 2009, 10, 41, 'PM', 'Aries'),
('April', 11, 2009, 7, 47, 'AM', 'Pisces'),
('April', 24, 2009, 2, 18, 'AM', 'Aries'),
('June', 6, 2009, 4, 7, 'AM', 'Taurus'),
('July', 5, 2009, 3, 22, 'AM', 'Gemini'),
('July', 31, 2009, 8, 28, 'PM', 'Cancer'),
('August', 26, 2009, 11, 11, 'AM', 'Leo'),
('September', 20, 2009, 8, 32, 'AM', 'Virgo'),
('October', 14, 2009, 5, 46, 'PM', 'Libra'),
('November', 7, 2009, 7, 23, 'PM', 'Scorpio'),
('December', 1, 2009, 5, 3, 'PM', 'Sagittarius'),
('December', 25, 2009, 1, 17, 'PM', 'Capricorn'),
('January', 18, 2010, 9, 35, 'AM', 'Aquarius'),
('February', 11, 2010, 7, 10, 'AM', 'Pisces'),
('March', 7, 2010, 7, 33, 'AM', 'Aries'),
('March', 31, 2010, 1, 35, 'PM', 'Taurus'),
('April', 25, 2010, 1, 5, 'AM', 'Gemini'),
('May', 19, 2010, 9, 5, 'PM', 'Cancer'),
('June', 14, 2010, 4, 50, 'AM', 'Leo'),
('July', 10, 2010, 7, 32, 'AM', 'Virgo'),
('August', 6, 2010, 11, 47, 'PM', 'Libra'),
('September', 8, 2010, 11, 44, 'AM', 'Scorpio'),
('November', 7, 2010, 10, 6, 'PM', 'Libra'),
('November', 29, 2010, 7, 33, 'PM', 'Scorpio'),
('January', 7, 2011, 7, 30, 'AM', 'Sagittarius'),
('February', 4, 2011, 12, 58, 'AM', 'Capricorn'),
('March', 1, 2011, 9, 39, 'PM', 'Aquarius'),
('March', 27, 2011, 2, 53, 'AM', 'Pisces'),
('April', 21, 2011, 12, 6, 'AM', 'Aries'),
('May', 15, 2011, 6, 12, 'PM', 'Taurus'),
('June', 9, 2011, 10, 23, 'AM', 'Gemini'),
('July', 4, 2011, 12, 17, 'AM', 'Cancer'),
('July', 28, 2011, 10, 59, 'AM', 'Leo'),
('August', 21, 2011, 6, 11, 'PM', 'Virgo'),
('September', 14, 2011, 10, 40, 'PM', 'Libra'),
('October', 9, 2011, 1, 50, 'AM', 'Scorpio'),
('November', 2, 2011, 4, 51, 'AM', 'Sagittarius'),
('November', 26, 2011, 7, 36, 'AM', 'Capricorn'),
('December', 20, 2011, 1, 26, 'PM', 'Aquarius'),
('January', 14, 2012, 12, 47, 'AM', 'Pisces'),
('February', 8, 2012, 1, 1, 'AM', 'Aries'),
('March', 5, 2012, 5, 25, 'AM', 'Taurus'),
('April', 3, 2012, 11, 18, 'AM', 'Gemini'),
('August', 7, 2012, 9, 43, 'AM', 'Cancer'),
('September', 6, 2012, 10, 48, 'AM', 'Leo'),
('October', 3, 2012, 2, 59, 'AM', 'Virgo'),
('October', 28, 2012, 9, 4, 'AM', 'Libra'),
('November', 21, 2012, 8, 20, 'PM', 'Scorpio'),
('December', 15, 2012, 11, 38, 'PM', 'Sagittarius'),
('January', 8, 2013, 11, 11, 'PM', 'Capricorn'),
('February', 1, 2013, 9, 47, 'PM', 'Aquarius'),
('February', 25, 2013, 9, 3, 'PM', 'Pisces'),
('March', 21, 2013, 11, 15, 'PM', 'Aries'),
('April', 15, 2013, 3, 25, 'AM', 'Taurus'),
('May', 9, 2013, 11, 3, 'AM', 'Gemini'),
('June', 2, 2013, 10, 13, 'PM', 'Cancer'),
('June', 27, 2013, 1, 3, 'PM', 'Leo'),
('July', 22, 2013, 8, 41, 'AM', 'Virgo'),
('August', 16, 2013, 11, 37, 'AM', 'Libra'),
('September', 11, 2013, 2, 16, 'AM', 'Scorpio'),
('October', 7, 2013, 1, 54, 'PM', 'Sagittarius'),
('November', 5, 2013, 3, 43, 'AM', 'Capricorn'),
('March', 5, 2014, 4, 3, 'PM', 'Aquarius'),
('April', 5, 2014, 4, 31, 'PM', 'Pisces'),
('May', 2, 2014, 9, 21, 'PM', 'Aries'),
('May', 28, 2014, 9, 45, 'PM', 'Taurus'),
('June', 23, 2014, 8, 33, 'AM', 'Gemini'),
('July', 18, 2014, 10, 6, 'AM', 'Cancer'),
('August', 12, 2014, 3, 24, 'AM', 'Leo'),
('September', 5, 2014, 1, 7, 'PM', 'Virgo'),
('September', 29, 2014, 4, 52, 'PM', 'Libra'),
('October', 23, 2014, 4, 52, 'PM', 'Scorpio'),
('November', 16, 2014, 2, 3, 'PM', 'Sagittarius'),
('December', 10, 2014, 11, 42, 'AM', 'Capricorn'),
('January', 3, 2015, 9, 48, 'AM', 'Aquarius'),
('January', 27, 2015, 10, 0, 'AM', 'Pisces'),
('February', 20, 2015, 3, 5, 'PM', 'Aries'),
('March', 17, 2015, 6, 15, 'AM', 'Taurus'),
('April', 11, 2015, 11, 28, 'AM', 'Gemini'),
('May', 7, 2015, 6, 52, 'PM', 'Cancer'),
('June', 5, 2015, 11, 33, 'AM', 'Leo'),
('July', 18, 2015, 6, 38, 'PM', 'Virgo'),
('July', 31, 2015, 11, 27, 'AM', 'Leo'),
('October', 8, 2015, 1, 29, 'PM', 'Virgo'),
('November', 8, 2015, 10, 31, 'AM', 'Libra'),
('December', 4, 2015, 11, 15, 'PM', 'Scorpio'),
('December', 30, 2015, 2, 16, 'AM', 'Sagittarius'),
('January', 23, 2016, 3, 31, 'PM', 'Capricorn'),
('February', 16, 2016, 11, 17, 'PM', 'Aquarius'),
('March', 12, 2016, 5, 24, 'AM', 'Pisces'),
('April', 5, 2016, 12, 50, 'PM', 'Aries'),
('April', 29, 2016, 8, 36, 'PM', 'Taurus'),
('May', 24, 2016, 5, 44, 'AM', 'Gemini'),
('June', 17, 2016, 3, 39, 'PM', 'Cancer'),
('July', 12, 2016, 1, 34, 'AM', 'Leo'),
('August', 5, 2016, 11, 27, 'AM', 'Virgo'),
('August', 29, 2016, 10, 6, 'PM', 'Libra'),
('September', 23, 2016, 10, 51, 'AM', 'Scorpio'),
('October', 18, 2016, 3, 1, 'AM', 'Sagittarius'),
('November', 11, 2016, 11, 54, 'PM', 'Capricorn'),
('December', 7, 2016, 9, 51, 'AM', 'Aquarius'),
('January', 3, 2017, 2, 46, 'AM', 'Pisces'),
('February', 3, 2017, 10, 51, 'AM', 'Aries'),
('April', 2, 2017, 8, 25, 'PM', 'Pisces'),
('April', 28, 2017, 9, 13, 'AM', 'Aries'),
('June', 6, 2017, 3, 26, 'AM', 'Taurus'),
('July', 4, 2017, 8, 11, 'PM', 'Gemini'),
('July', 31, 2017, 10, 54, 'AM', 'Cancer'),
('August', 26, 2017, 12, 30, 'AM', 'Leo'),
('September', 19, 2017, 9, 15, 'PM', 'Virgo'),
('October', 14, 2017, 6, 11, 'AM', 'Libra'),
('November', 7, 2017, 6, 38, 'AM', 'Scorpio'),
('December', 1, 2017, 4, 14, 'AM', 'Sagittarius'),
('December', 25, 2017, 12, 26, 'AM', 'Capricorn'),
('January', 17, 2018, 8, 43, 'PM', 'Aquarius'),
('February', 10, 2018, 6, 19, 'PM', 'Pisces'),
('March', 6, 2018, 6, 45, 'PM', 'Aries'),
('April', 24, 2018, 12, 40, 'PM', 'Gemini'),
('May', 19, 2018, 9, 10, 'AM', 'Cancer'),
('June', 13, 2018, 5, 54, 'PM', 'Leo'),
('July', 9, 2018, 10, 32, 'PM', 'Virgo'),
('August', 6, 2018, 7, 27, 'PM', 'Libra'),
('September', 9, 2018, 5, 25, 'AM', 'Scorpio'),
('October', 31, 2018, 3, 42, 'PM', 'Libra'),
('December', 2, 2018, 12, 2, 'PM', 'Scorpio'),
('January', 7, 2019, 6, 18, 'AM', 'Sagittarius'),
('February', 3, 2019, 5, 29, 'PM', 'Capricorn'),
('March', 1, 2019, 11, 45, 'AM', 'Aquarius'),
('March', 26, 2019, 3, 43, 'PM', 'Pisces'),
('April', 20, 2019, 12, 10, 'PM', 'Aries'),
('May', 15, 2019, 5, 46, 'AM', 'Taurus'),
('June', 8, 2019, 9, 37, 'PM', 'Gemini'),
('July', 3, 2019, 11, 18, 'AM', 'Cancer'),
('July', 27, 2019, 9, 54, 'PM', 'Leo'),
('August', 21, 2019, 5, 6, 'AM', 'Virgo'),
('September', 14, 2019, 9, 43, 'AM', 'Libra'),
('October', 8, 2019, 1, 6, 'PM', 'Scorpio'),
('November', 1, 2019, 4, 25, 'PM', 'Sagittarius'),
('November', 25, 2019, 7, 28, 'PM', 'Capricorn'),
('December', 20, 2019, 1, 41, 'AM', 'Aquarius');

CREATE TABLE VedicSunSigns(
vedicSignName VARCHAR(30), 
sunSignName VARCHAR(30), 
monthBegin VARCHAR(30) NOT NULL, 
dayOfMonthBegin INT NOT NULL, 
monthEnd VARCHAR(30) NOT NULL, 
dayOfMonthEnd INT NOT NULL, 
PRIMARY KEY (vedicSignName), 
FOREIGN KEY VedicSunSigns(sunSignName) REFERENCES SunSigns(sunSignName) ON DELETE RESTRICT ON UPDATE RESTRICT);

INSERT INTO VedicSunSigns(vedicSignName, sunSignName, monthBegin, dayOfMonthBegin, monthEnd, dayOfMonthEnd) VALUES 
("Mesha", "Aries", 04, 13, 05, 14), 
("Vrishaba", "Taurus", 05, 15, 06, 14), 
("Mithuna", "Gemini", 06, 15, 07, 14),
("Karkata", "Cancer", 07, 15, 08, 14), 
("Simha", "Leo", 08, 15, 09, 15),
("Kanya", "Virgo", 09, 16, 10, 15), 
("Tula", "Libra", 10, 16, 11, 14), 
("Vrishchika", "Scorpio", 11, 15, 12, 14),
("Dhanus", "Sagittarius", 12, 15, 01, 13),
("Makara", "Capricorn", 01, 14, 02, 11),
("Kumbha", "Aquarius", 02, 12, 03, 12),
("Meena", "Pisces", 03, 13, 04, 12);

CREATE TABLE LifePathNumbers(
lifePathNumber INT UNIQUE NOT NULL, 
lifePathType VARCHAR(100), 
descriptionWord1 VARCHAR(100), 
descriptionWord2 VARCHAR(100), 
descriptionWord3 VARCHAR(100),
descriptionWord4 VARCHAR(100), 
descriptionWord5 VARCHAR(100),
PRIMARY KEY (lifePathNumber));

INSERT INTO LifePathNumbers(lifePathNumber, lifePathType, descriptionWord1, descriptionWord2, descriptionWord3, 
descriptionWord4, descriptionWord5) 
VALUES 
(1, "Leader", "independence", "individuality", "attainment", "leadership", "pioneering"), 
(2, "Nurturer", "cooperation", "sensitivity", "closeness", "support", "balance"), 
(3, "Imaginer", "expressiveness", "enthusiasm", "optimism", "creativity", "sociability"), 
(4, "Stabilizer and Builder", "service", "sense of limitation", "practicality", "sensibility", "management"), 
(5, "Explorer and Challenger", "constructive use of freedom", "variety", "progression", "creativity", "excitement"), 
(6, "Healer", "responsibility", "love", "helpfulness", "balance", "serving others"), 
(7, "Mystic", "analysis", "searching for truth", "introspection", "spiritual understanding", "critical thinking"), 
(8, "Powerhouse and Figure Of Authority", "material satisfaction", "accomplishment", "desire for success", "recognition", 
"power"), 
(9, "Humanitarian", "selflessness", "humanitarianism", "compassion", "giving", "humility"), 
(11, "Psychic", "intuition", "psychic abilities", "spiritual truth", "wisdom", "charm"), 
(22, "Master Builder", "tenacity", "power", "talent", "influence", "resourcefulness");


CREATE TABLE KuaNumbers(
kuaNumber INT UNIQUE NOT NULL, 
kuaElement VARCHAR(50) NOT NULL, 
kuaDirectionGroup ENUM("EAST", "WEST"),
kuaLuckySeason VARCHAR(30),
kuaLuck VARCHAR(30),  
kuaLuckyDirection VARCHAR(30), 
kuaUnluckyDirection VARCHAR(30), 
kuaLuckyColor1 VARCHAR(30), 
kuaLuckyColor2 VARCHAR(30), 
PRIMARY KEY (kuaNumber)); 

INSERT INTO KuaNumbers (kuaNumber, kuaElement, kuaDirectionGroup, kuaLuckySeason, kuaLuck, kuaLuckyDirection,
 kuaUnluckyDirection, kuaLuckyColor1, kuaLuckyColor2) VALUES
(1, "water", "EAST", "early winter", "individuality", "southeast", "west", "dark blue", "black"), 
(2, "earth", "WEST", "late summer", "relationships", "northeast", "east", "pink", "earth tones"), 
(3, "wood", "EAST", "early spring",  "health", "south", "southwest", "green", "gold"), 
(4, "wood", "EAST", "late spring", "wealth", "north", "northwest", "purple", "gold"), 
(6, "metal", "WEST", "late fall", "travel", "west", "southeast", "gray", "mauve"),
(7, "metal", "WEST", "early fall", "creativity", "northwest", "north", "white", "pastels"), 
(8, "earth", "WEST", "late winter", "wisdom", "southwest", "south", "turquoise", "burnt orange"),
(9, "fire", "EAST", "early summer", "reputation","east", "northeast", "red", "orange");

CREATE TABLE LoShuNumbers(
loShuNumber INT UNIQUE NOT NULL, 
occurenceOne VARCHAR(30) UNIQUE NOT NULL, 
occurenceTwo VARCHAR(30) UNIQUE NOT NULL, 
occurenceThree VARCHAR(30) UNIQUE NOT NULL, 
occurenceFour VARCHAR(30) UNIQUE NOT NULL, 
PRIMARY KEY (loShuNumber));

INSERT INTO LoShuNumbers(loShuNumber, occurenceOne, occurenceTwo, occurenceThree, occurenceFour) VALUES 
(1, "introverted", "communicative", "talkative", "compassionate"), 
(2, "sensitive", "bright", "overly emotional", "lonely"), 
(3, "excellent", "creative", "overimaginative", "overimaginative"), 
(4, "stable", "pragmatic", "hardworking", "physically active"), 
(5, "caring", "persistent", "determined", "takes action"), 
(6, "advising", "originative", "high tempered", "emotional"), 
(7, "experienced", "spiritual", "prone to loss", "prone to personal disruptions"), 
(8, "scrupulous", "adamant", "materialistic", "always active"), 
(9, "intelligent", "critical", "giving", "brilliant");

CREATE TABLE CurrentYearHoroscope(
directionType VARCHAR(30), 
yearPrediction VARCHAR(100), 
PRIMARY KEY (directionType));

INSERT INTO CurrentYearHoroscope(directionType, yearPrediction) VALUES 
("north", "increase in knowledge"), 
("southeast", "fame and wealth"), 
("northeast", "possible misfortune or illness (physical or mental)"), 
("southwest", "large increase in health and financial gain"), 
("east", "celebration of events and festivities"), 
("south", "fighting and conflict"), 
("northwest", "conflict in personal relationships"), 
("west", "growth in career");
